Stock Name,MSE,RMSE,R2 Score
GOOG,0.0009517028495421456,0.030849681514436185,0.9640789951077808
TSLA,0.0007544241732414075,0.027466783088694744,0.9666711137022359
AAPL,0.0003740368840085344,0.019340033195642,0.9720563337862669
AMZN,0.0003034421403120433,0.01741959070449255,0.8962890125848224
FB,0.002584571315014066,0.05083867932012068,0.889693526027689
